ID,Total %,Bound,OP Code,Device,Device Time,Op-to-Op Gap,Cores,DRAM,DRAM %,FLOPs,FLOPs %,Math Fidelity,Output Datatype,Input 0 Datatype,Input 1 Datatype,DRAM Sharded,Input 0 Memory,Inner Dim Block Size,Output Subblock H,Output Subblock W,Global Call Count
266,0.18336801072206368,,ReshapeViewDeviceOperation,0,79.996,,110,,,,,BF16 => BF16,BFLOAT16,BFLOAT16,nan,False,DEV_0_DRAM_INTERLEAVED,,,,270336.0
267,0.060585527918831754,,LayerNormDeviceOperation,0,25.941,0.49,16,,,,,BF16 => BF16,BFLOAT16,BFLOAT16,nan,False,DEV_0_DRAM_INTERLEAVED,,,,271360.0
268,0.01100721520435209,,ReshapeViewDeviceOperation,0,4.321,0.481,80,,,,,BF16 => BF16,BFLOAT16,BFLOAT16,nan,False,DEV_0_DRAM_INTERLEAVED,,,,272384.0
269,0.09500313231144873,,UntilizeWithUnpaddingDeviceOperation,0,2.301,39.145,80,,,,,BF16 => BF16,BFLOAT16,BFLOAT16,nan,False,DEV_0_DRAM_INTERLEAVED,,,,273408.0
270,0.08814711800986248,,RepeatDeviceOperation,0,34.751,3.704,110,,,,,BF16 => BF16,BFLOAT16,BFLOAT16,nan,False,DEV_0_DRAM_INTERLEAVED,,,,274432.0
271,0.18074342483931,,TilizeDeviceOperation,0,54.067,24.784,80,,,,,BF16 => BF16,BFLOAT16,BFLOAT16,nan,False,DEV_0_DRAM_INTERLEAVED,,,,275456.0
272,0.053475077780576835,,BinaryNgDeviceOperation,0,22.851,0.478,110,,,,,"BF16, BF16 => BF16",BFLOAT16,BFLOAT16,BFLOAT16,False,DEV_0_DRAM_INTERLEAVED,,,,276480.0
273,0.18398461648840495,,ReshapeViewDeviceOperation,0,79.801,0.464,110,,,,,BF16 => BF16,BFLOAT16,BFLOAT16,nan,False,DEV_0_DRAM_INTERLEAVED,,,,277504.0
274,0.5094836946742454,SLOW,MatmulDeviceOperation 128 x 10240 x 352,0,221.763,0.504,44.0,44.734748357480726,8.737255538570455,4.160959582978224,6.840803186451468,HiFi4 BF16 x BF16 => BF16,BFLOAT16,BFLOAT16,BFLOAT16,False,DEV_0_DRAM_INTERLEAVED,1,1,1,278528.0
275,0.005512776461155097,,SliceDeviceOperation,0,1.791,0.614,40,,,,,BF16 => BF16,BFLOAT16,BFLOAT16,nan,False,DEV_0_DRAM_INTERLEAVED,,,,279552.0
276,0.004550046268354623,,SliceDeviceOperation,0,1.293,0.692,4,,,,,BF16 => BF16,BFLOAT16,BFLOAT16,nan,False,DEV_0_DRAM_INTERLEAVED,,,,280576.0
277,0.007839374427089577,,UnaryDeviceOperation,0,2.899,0.521,110,,,,,BF16 => BF16,BFLOAT16,BFLOAT16,nan,False,DEV_0_DRAM_INTERLEAVED,,,,281600.0
278,0.0783868676266615,SLOW,MatmulDeviceOperation 128 x 320 x 10240,0,33.701,0.496,107.0,274.67908964125695,53.648259695558,24.89127325598647,16.827887877500373,HiFi4 BF16 x BF16 => BF16,BFLOAT16,BFLOAT16,BFLOAT16,False,DEV_0_DRAM_INTERLEAVED,2,4,1,282624.0
279,0.6942705863233174,,ReshapeViewDeviceOperation,0,302.344,0.538,110,,,,,BF16 => BF16,BFLOAT16,BFLOAT16,nan,False,DEV_0_DRAM_INTERLEAVED,,,,283648.0
280,0.6917422734598438,,ReshapeViewDeviceOperation,0,301.321,0.458,110,,,,,BF16 => BF16,BFLOAT16,BFLOAT16,nan,False,DEV_0_DRAM_INTERLEAVED,,,,284672.0
281,0.36885632008303315,,BinaryNgDeviceOperation,0,160.464,0.453,110,,,,,"BF16, BF16 => BF16",BFLOAT16,BFLOAT16,BFLOAT16,False,DEV_0_DRAM_INTERLEAVED,,,,285696.0
282,0.25954976776426314,,FillPadDeviceOperation,0,112.63,0.601,110,,,,,BF16 => BF16,BFLOAT16,BFLOAT16,nan,False,DEV_0_DRAM_INTERLEAVED,,,,286720.0
283,0.24645892935692143,,ReduceDeviceOperation,0,106.944,0.576,110,,,,,BF16 => BF16,BFLOAT16,BFLOAT16,nan,False,DEV_0_DRAM_INTERLEAVED,,,,287744.0
284,0.14244968531329877,,ReshapeViewDeviceOperation,0,61.572,0.573,110,,,,,BF16 => BF16,BFLOAT16,BFLOAT16,nan,False,DEV_0_DRAM_INTERLEAVED,,,,288768.0
285,0.0188878494968474,,UnaryDeviceOperation,0,1.212,7.028,110,,,,,INT32 => INT32,INT32,INT32,nan,False,DEV_0_DRAM_INTERLEAVED,,,,289792.0
286,0.4903712081324112,DRAM,MatmulDeviceOperation 128 x 2560 x 13952,0,205.119,8.81,109.0,368.8654488370165,72.04403297597979,44.57696615135604,29.583549784018775,HiFi4 BF16 x BF16 => BF16,BFLOAT16,BFLOAT16,BFLOAT16,False,DEV_0_DRAM_INTERLEAVED,2,2,2,290816.0
287,0.03195576575674146,,SliceDeviceOperation,0,13.411,0.53,110,,,,,BF16 => BF16,BFLOAT16,BFLOAT16,nan,False,DEV_0_DRAM_INTERLEAVED,,,,291840.0
288,0.020655147065059706,,SliceDeviceOperation,0,8.444,0.567,110,,,,,BF16 => BF16,BFLOAT16,BFLOAT16,nan,False,DEV_0_DRAM_INTERLEAVED,,,,292864.0
289,0.004329993652857372,,SliceDeviceOperation,0,1.288,0.601,64,,,,,BF16 => BF16,BFLOAT16,BFLOAT16,nan,False,DEV_0_DRAM_INTERLEAVED,,,,293888.0
290,0.005171236464185406,,SliceDeviceOperation,0,1.155,1.101,16,,,,,BF16 => BF16,BFLOAT16,BFLOAT16,nan,False,DEV_0_DRAM_INTERLEAVED,,,,294912.0
291,0.21138575154730227,,NlpCreateHeadsDeviceOperation,0,91.056,1.163,4,,,,,BF16 => BF16,BFLOAT16,BFLOAT16,nan,False,DEV_0_DRAM_INTERLEAVED,,,,295936.0
292,0.0550269071627814,,ReshapeViewDeviceOperation,0,23.513,0.493,110,,,,,BF16 => BF16,BFLOAT16,BFLOAT16,nan,False,DEV_0_DRAM_INTERLEAVED,,,,296960.0
293,0.018566939432580577,,TransposeDeviceOperation,0,7.579,0.521,110,,,,,BF16 => BF16,BFLOAT16,BFLOAT16,nan,False,DEV_0_DRAM_INTERLEAVED,,,,297984.0
294,0.023616688515293544,,ReshapeViewDeviceOperation,0,9.778,0.525,110,,,,,BF16 => BF16,BFLOAT16,BFLOAT16,nan,False,DEV_0_DRAM_INTERLEAVED,,,,299008.0
295,0.030041766444864327,,LayerNormDeviceOperation,0,12.647,0.459,96,,,,,"BF16, BF16 => BF16",BFLOAT16,BFLOAT16,BFLOAT16,False,DEV_0_DRAM_INTERLEAVED,,,,300032.0
296,0.01437447866440899,,LayerNormDeviceOperation,0,5.724,0.547,8,,,,,"BF16, BF16 => BF16",BFLOAT16,BFLOAT16,BFLOAT16,False,DEV_0_DRAM_INTERLEAVED,,,,301056.0
297,0.013411748471608514,,LayerNormDeviceOperation,0,5.307,0.544,16,,,,,"BF16, BF16 => BF16",BFLOAT16,BFLOAT16,BFLOAT16,False,DEV_0_DRAM_INTERLEAVED,,,,302080.0
298,0.005384412435448368,,TypecastDeviceOperation,0,0.891,1.458,1,,,,,INT32 => UINT32,UINT32,INT32,nan,False,DEV_0_DRAM_INTERLEAVED,,,,303104.0
299,0.011740723922676262,,UntilizeCodegenDeviceOperation,0,4.603,0.519,110,,,,,BF16 => BF16,BFLOAT16,BFLOAT16,nan,False,DEV_0_DRAM_INTERLEAVED,,,,304128.0
300,0.008781474687187185,,EmbeddingsDeviceOperation,0,3.08,0.751,4,,,,,"UINT32, BF16 => BF16",BFLOAT16,UINT32,BFLOAT16,False,DEV_0_DRAM_INTERLEAVED,,,,305152.0
301,0.01248798592946901,,UntilizeCodegenDeviceOperation,0,4.926,0.522,110,,,,,BF16 => BF16,BFLOAT16,BFLOAT16,nan,False,DEV_0_DRAM_INTERLEAVED,,,,306176.0
302,0.008820442337848155,,EmbeddingsDeviceOperation,0,3.179,0.669,4,,,,,"UINT32, BF16 => BF16",BFLOAT16,UINT32,BFLOAT16,False,DEV_0_DRAM_INTERLEAVED,,,,307200.0
303,0.01662084911427676,,SliceDeviceOperation,0,6.729,0.522,110,,,,,BF16 => BF16,BFLOAT16,BFLOAT16,nan,False,DEV_0_DRAM_INTERLEAVED,,,,308224.0
304,0.019839118615924065,,RotaryEmbeddingHfDeviceOperation,0,8.214,0.441,96,,,,,"BF16, BF16 => BF16",BFLOAT16,BFLOAT16,BFLOAT16,False,DEV_0_DRAM_INTERLEAVED,,,,309248.0
305,0.01815434077852323,,SliceDeviceOperation,0,7.476,0.444,110,,,,,BF16 => BF16,BFLOAT16,BFLOAT16,nan,False,DEV_0_DRAM_INTERLEAVED,,,,310272.0
306,0.021326765985275272,,ConcatDeviceOperation,0,8.816,0.488,110,,,,,"BF16, BF16 => BF16",BFLOAT16,BFLOAT16,BFLOAT16,False,DEV_0_DRAM_INTERLEAVED,,,,311296.0
307,0.003912810569310499,,SliceDeviceOperation,0,1.069,0.638,16,,,,,BF16 => BF16,BFLOAT16,BFLOAT16,nan,False,DEV_0_DRAM_INTERLEAVED,,,,312320.0
308,0.012726376262924367,,RotaryEmbeddingHfDeviceOperation,0,5.073,0.479,8,,,,,"BF16, BF16 => BF16",BFLOAT16,BFLOAT16,BFLOAT16,False,DEV_0_DRAM_INTERLEAVED,,,,313344.0
309,0.005210204114846377,,SliceDeviceOperation,0,1.703,0.57,48,,,,,BF16 => BF16,BFLOAT16,BFLOAT16,nan,False,DEV_0_DRAM_INTERLEAVED,,,,314368.0
310,0.005258340624486401,,ConcatDeviceOperation,0,1.73,0.564,64,,,,,"BF16, BF16 => BF16",BFLOAT16,BFLOAT16,BFLOAT16,False,DEV_0_DRAM_INTERLEAVED,,,,315392.0
311,0.0054371333745779175,,SliceDeviceOperation,0,1.645,0.727,32,,,,,BF16 => BF16,BFLOAT16,BFLOAT16,nan,False,DEV_0_DRAM_INTERLEAVED,,,,316416.0
312,0.013255877868964625,,RotaryEmbeddingHfDeviceOperation,0,5.236,0.547,16,,,,,"BF16, BF16 => BF16",BFLOAT16,BFLOAT16,BFLOAT16,False,DEV_0_DRAM_INTERLEAVED,,,,317440.0
313,0.005187281967398746,,SliceDeviceOperation,0,1.67,0.593,32,,,,,BF16 => BF16,BFLOAT16,BFLOAT16,nan,False,DEV_0_DRAM_INTERLEAVED,,,,318464.0
314,0.005301892704636898,,ConcatDeviceOperation,0,1.764,0.549,64,,,,,"BF16, BF16 => BF16",BFLOAT16,BFLOAT16,BFLOAT16,False,DEV_0_DRAM_INTERLEAVED,,,,319488.0
315,0.012497154788448064,,TransposeDeviceOperation,0,4.921,0.531,110,,,,,BF16 => BF16,BFLOAT16,BFLOAT16,nan,False,DEV_0_DRAM_INTERLEAVED,,,,320512.0
316,0.005629679413138012,,TypecastDeviceOperation,0,1.899,0.557,64,,,,,BF16 => BF16,BFLOAT16,BFLOAT16,nan,False,DEV_0_DRAM_INTERLEAVED,,,,321536.0
317,0.00620273309932877,,PagedFillCacheDeviceOperation,0,2.157,0.549,8,,,,,"BF16, BF16 => BF16",BFLOAT16,BFLOAT16,BFLOAT16,False,DEV_0_DRAM_INTERLEAVED,,,,322560.0
318,0.0055930039772218035,,TypecastDeviceOperation,0,1.888,0.552,64,,,,,BF16 => BF16,BFLOAT16,BFLOAT16,nan,False,DEV_0_DRAM_INTERLEAVED,,,,323584.0
319,0.0061431355159649315,,PagedFillCacheDeviceOperation,0,2.115,0.565,8,,,,,"BF16, BF16 => BF16",BFLOAT16,BFLOAT16,BFLOAT16,False,DEV_0_DRAM_INTERLEAVED,,,,324608.0
320,0.0054371333745779175,,TypecastDeviceOperation,0,1.756,0.616,16,,,,,BF16 => BF16,BFLOAT16,BFLOAT16,nan,False,DEV_0_DRAM_INTERLEAVED,,,,325632.0
321,0.005551744111816069,,PagedFillCacheDeviceOperation,0,1.806,0.616,4,,,,,"BF16, BF16 => BF16",BFLOAT16,BFLOAT16,BFLOAT16,False,DEV_0_DRAM_INTERLEAVED,,,,326656.0
322,0.011128702585824532,,ReshapeViewDeviceOperation,0,4.33,0.525,110,,,,,BF16 => BF16,BFLOAT16,BFLOAT16,nan,False,DEV_0_DRAM_INTERLEAVED,,,,327680.0
323,0.015027759866666454,,FillPadDeviceOperation,0,4.711,1.845,110,,,,,BF16 => BF16,BFLOAT16,BFLOAT16,nan,False,DEV_0_DRAM_INTERLEAVED,,,,328704.0
324,0.01576585301448015,,ReduceDeviceOperation,0,2.504,4.374,110,,,,,BF16 => BF16,BFLOAT16,BFLOAT16,nan,False,DEV_0_DRAM_INTERLEAVED,,,,329728.0
325,0.04522539691417467,,ReshapeViewDeviceOperation,0,18.684,1.046,4,,,,,BF16 => BF16,BFLOAT16,BFLOAT16,nan,False,DEV_0_DRAM_INTERLEAVED,,,,330752.0
326,0.013336105385031334,,LayerNormDeviceOperation,0,4.389,1.429,1,,,,,"BF16, BF16 => BF16",BFLOAT16,BFLOAT16,BFLOAT16,False,DEV_0_DRAM_INTERLEAVED,,,,331776.0
327,0.005201035255867325,,SliceDeviceOperation,0,1.656,0.613,2,,,,,BF16 => BF16,BFLOAT16,BFLOAT16,nan,False,DEV_0_DRAM_INTERLEAVED,,,,332800.0
328,0.005187281967398746,,SliceDeviceOperation,0,1.598,0.665,2,,,,,BF16 => BF16,BFLOAT16,BFLOAT16,nan,False,DEV_0_DRAM_INTERLEAVED,,,,333824.0
329,0.005201035255867325,,SliceDeviceOperation,0,1.592,0.677,2,,,,,BF16 => BF16,BFLOAT16,BFLOAT16,nan,False,DEV_0_DRAM_INTERLEAVED,,,,334848.0
330,0.012391712910188963,,RotaryEmbeddingHfDeviceOperation,0,3.942,1.464,1,,,,,"BF16, BF16 => BF16",BFLOAT16,BFLOAT16,BFLOAT16,False,DEV_0_DRAM_INTERLEAVED,,,,335872.0
331,0.0052147885443359025,,SliceDeviceOperation,0,1.665,0.61,2,,,,,BF16 => BF16,BFLOAT16,BFLOAT16,nan,False,DEV_0_DRAM_INTERLEAVED,,,,336896.0
332,0.005276678342444505,,ConcatDeviceOperation,0,1.664,0.638,4,,,,,"BF16, BF16 => BF16",BFLOAT16,BFLOAT16,BFLOAT16,False,DEV_0_DRAM_INTERLEAVED,,,,337920.0
333,0.005714491358694244,,TypecastDeviceOperation,0,1.839,0.654,4,,,,,BF16 => BF16,BFLOAT16,BFLOAT16,nan,False,DEV_0_DRAM_INTERLEAVED,,,,338944.0
334,0.005560912970795122,,PagedFillCacheDeviceOperation,0,0.941,1.485,1,,,,,"BF16, BF16 => BF16",BFLOAT16,BFLOAT16,BFLOAT16,False,DEV_0_DRAM_INTERLEAVED,,,,339968.0
335,0.02652092459690831,,ReshapeViewDeviceOperation,0,11.051,0.519,110,,,,,BF16 => BF16,BFLOAT16,BFLOAT16,nan,False,DEV_0_DRAM_INTERLEAVED,,,,340992.0
336,0.00495576827817768,,RepeatCodegenDeviceOperation,0,1.584,0.578,32,,,,,INT32 => INT32,INT32,INT32,nan,False,DEV_0_DRAM_INTERLEAVED,,,,342016.0
337,0.007921894157901047,,TilizeDeviceOperation,0,1.986,1.47,1,,,,,INT32 => INT32,INT32,INT32,nan,False,DEV_0_DRAM_INTERLEAVED,,,,343040.0
338,0.0058336865254219215,,TypecastDeviceOperation,0,1.967,0.578,32,,,,,INT32 => UINT32,UINT32,INT32,nan,False,DEV_0_DRAM_INTERLEAVED,,,,344064.0
339,0.012577382304514769,,FillPadDeviceOperation,0,4.901,0.586,32,,,,,UINT32 => UINT32,UINT32,UINT32,nan,False,DEV_0_DRAM_INTERLEAVED,,,,345088.0
340,2.264889252790714,,GatherDeviceOperation,0,986.582,1.497,1,,,,,"INT32, UINT32 => INT32",INT32,INT32,UINT32,False,DEV_0_DRAM_INTERLEAVED,,,,346112.0
341,0.023091771338742805,,TernaryDeviceOperation,0,9.547,0.527,110,,,,,"INT32, INT32 => INT32",INT32,INT32,INT32,False,DEV_0_DRAM_INTERLEAVED,,,,347136.0
342,0.005822225451698107,,TypecastDeviceOperation,0,1.962,0.578,32,,,,,INT32 => UINT32,UINT32,INT32,nan,False,DEV_0_DRAM_INTERLEAVED,,,,348160.0
343,0.03834187603565127,,UntilizeWithUnpaddingDeviceOperation,0,15.26,1.467,1,,,,,UINT32 => UINT32,UINT32,UINT32,nan,False,DEV_0_DRAM_INTERLEAVED,,,,349184.0
344,0.008797520190400527,,UntilizeCodegenDeviceOperation,0,3.319,0.519,64,,,,,BF16 => BF16,BFLOAT16,BFLOAT16,nan,False,DEV_0_DRAM_INTERLEAVED,,,,350208.0
345,0.010502927960504223,,EmbeddingsDeviceOperation,0,3.985,0.597,32,,,,,"UINT32, BF16 => BF16",BFLOAT16,UINT32,BFLOAT16,False,DEV_0_DRAM_INTERLEAVED,,,,351232.0
346,0.04817776950542946,SLOW,MatmulDeviceOperation b={4} x 128 x 128 x 128,0,20.51,0.508,44.0,70.29702584105313,13.729887859580689,0.8180017552413456,1.3448313789610717,HiFi4 BF16 x BF16 => BF16,BFLOAT16,BFLOAT16,BFLOAT16,False,DEV_0_DRAM_INTERLEAVED,1,1,3,352256.0
347,0.014915441344173065,,UnaryDeviceOperation,0,5.93,0.577,110,,,,,BF16 => BF16,BFLOAT16,BFLOAT16,nan,False,DEV_0_DRAM_INTERLEAVED,,,,353280.0
348,0.0108330068837501,,FastReduceNCDeviceOperation,0,4.133,0.593,110,,,,,BF16 => BF16,BFLOAT16,BFLOAT16,nan,False,DEV_0_DRAM_INTERLEAVED,,,,354304.0
349,0.0485903681594868,,ReshapeViewDeviceOperation,0,20.61,0.588,110,,,,,INT32 => INT32,INT32,INT32,nan,False,DEV_0_DRAM_INTERLEAVED,,,,355328.0
350,0.023105524627211386,,BinaryNgDeviceOperation,0,9.557,0.523,110,,,,,INT32 => INT32,INT32,INT32,nan,False,DEV_0_DRAM_INTERLEAVED,,,,356352.0
351,0.006904150811226259,,UnaryDeviceOperation,0,2.487,0.525,110,,,,,INT32 => INT32,INT32,INT32,nan,False,DEV_0_DRAM_INTERLEAVED,,,,357376.0
352,0.013145851561216003,,TilizeWithValPaddingDeviceOperation,0,5.056,0.679,4,,,,,INT32 => INT32,INT32,INT32,nan,False,DEV_0_DRAM_INTERLEAVED,,,,358400.0
353,0.0656925823701638,,BinaryNgDeviceOperation,0,28.132,0.527,110,,,,,"INT32, INT32 => INT32",INT32,INT32,INT32,False,DEV_0_DRAM_INTERLEAVED,,,,359424.0
354,0.007997537244478227,,TypecastDeviceOperation,0,3.002,0.487,110,,,,,INT32 => BF16,BFLOAT16,INT32,nan,False,DEV_0_DRAM_INTERLEAVED,,,,360448.0
355,0.008513285562049909,,BinaryNgDeviceOperation,0,3.19,0.524,110,,,,,"BF16, BF16 => BF16",BFLOAT16,BFLOAT16,BFLOAT16,False,DEV_0_DRAM_INTERLEAVED,,,,361472.0
356,0.01722370159214944,,TopkRoutePrepDeviceOperation,0,6.916,0.598,16,,,,,BF16 => BF16,BFLOAT16,BFLOAT16,nan,False,DEV_0_DRAM_INTERLEAVED,,,,362496.0
357,0.025198316689180034,,TopkLargeIndicesDeviceOperation,0,10.467,0.526,110,,,,,BF16 => UINT32,UINT32,BFLOAT16,nan,False,DEV_0_DRAM_INTERLEAVED,,,,363520.0
358,0.18762465350308863,,TopkRouteFinishDeviceOperation,0,81.314,0.539,64,,,,,"BF16, UINT32 => BF16",BFLOAT16,BFLOAT16,UINT32,False,DEV_0_DRAM_INTERLEAVED,,,,364544.0
359,0.005941420618425784,,TypecastDeviceOperation,0,2.139,0.453,64,,,,,UINT16 => INT32,INT32,UINT16,nan,False,DEV_0_DRAM_INTERLEAVED,,,,365568.0
360,0.17231495122281634,,ReshapeViewDeviceOperation,0,74.739,0.435,110,,,,,INT32 => INT32,INT32,INT32,nan,False,DEV_0_DRAM_INTERLEAVED,,,,366592.0
361,1.1415596183279073,,TernaryDeviceOperation,0,497.498,0.518,110,,,,,"INT32, INT32 => INT32",INT32,INT32,INT32,False,DEV_0_DRAM_INTERLEAVED,,,,367616.0
362,0.24134958269084467,,ReshapeViewDeviceOperation,0,104.824,0.467,110,,,,,INT32 => INT32,INT32,INT32,nan,False,DEV_0_DRAM_INTERLEAVED,,,,368640.0
363,0.021173187597376148,,BinaryNgDeviceOperation,0,8.739,0.498,110,,,,,INT32 => INT32,INT32,INT32,nan,False,DEV_0_DRAM_INTERLEAVED,,,,369664.0
364,0.013111468340044554,,TilizeWithValPaddingDeviceOperation,0,5.093,0.627,4,,,,,INT32 => INT32,INT32,INT32,nan,False,DEV_0_DRAM_INTERLEAVED,,,,370688.0
365,0.0275753433794993,,BinaryNgDeviceOperation,0,11.514,0.516,110,,,,,"INT32, INT32 => BF16",BFLOAT16,INT32,INT32,False,DEV_0_DRAM_INTERLEAVED,,,,371712.0
366,0.017597332595545814,,TilizeWithValPaddingDeviceOperation,0,7.121,0.556,64,,,,,INT32 => INT32,INT32,INT32,nan,False,DEV_0_DRAM_INTERLEAVED,,,,372736.0
367,0.0383281227471827,,BinaryNgDeviceOperation,0,16.204,0.517,110,,,,,"INT32, INT32 => INT32",INT32,INT32,INT32,False,DEV_0_DRAM_INTERLEAVED,,,,373760.0
368,0.04245181707301139,,ReshapeViewDeviceOperation,0,17.961,0.559,4,,,,,INT32 => INT32,INT32,INT32,nan,False,DEV_0_DRAM_INTERLEAVED,,,,374784.0
369,0.013239832365751287,,TilizeWithValPaddingDeviceOperation,0,4.514,1.262,4,,,,,INT32 => INT32,INT32,INT32,nan,False,DEV_0_DRAM_INTERLEAVED,,,,375808.0
370,0.017464384140349558,,BinaryNgDeviceOperation,0,7.104,0.515,110,,,,,"INT32, INT32 => BF16",BFLOAT16,INT32,INT32,False,DEV_0_DRAM_INTERLEAVED,,,,376832.0
371,0.04883334292243169,,UntilizeWithUnpaddingDeviceOperation,0,20.771,0.533,64,,,,,INT32 => INT32,INT32,INT32,nan,False,DEV_0_DRAM_INTERLEAVED,,,,377856.0
372,0.025402323801463948,,UntilizeWithUnpaddingDeviceOperation,0,10.401,0.681,4,,,,,INT32 => INT32,INT32,INT32,nan,False,DEV_0_DRAM_INTERLEAVED,,,,378880.0
373,0.0436919052499282,,PermuteDeviceOperation,0,18.549,0.512,110,,,,,INT32 => INT32,INT32,INT32,nan,False,DEV_0_DRAM_INTERLEAVED,,,,379904.0
374,0.00892129978661773,,PermuteDeviceOperation,0,3.249,0.643,4,,,,,INT32 => INT32,INT32,INT32,nan,False,DEV_0_DRAM_INTERLEAVED,,,,380928.0
375,0.02269980261738833,,ConcatDeviceOperation,0,9.387,0.516,110,,,,,"INT32, INT32 => INT32",INT32,INT32,INT32,False,DEV_0_DRAM_INTERLEAVED,,,,381952.0
376,0.045539430334207195,,PermuteDeviceOperation,0,19.394,0.473,110,,,,,INT32 => INT32,INT32,INT32,nan,False,DEV_0_DRAM_INTERLEAVED,,,,382976.0
377,0.07198471184453833,,TilizeWithValPaddingDeviceOperation,0,30.943,0.461,66,,,,,INT32 => INT32,INT32,INT32,nan,False,DEV_0_DRAM_INTERLEAVED,,,,384000.0
378,0.04579386617087589,,UntilizeWithUnpaddingDeviceOperation,0,19.49,0.488,64,,,,,BF16 => BF16,BFLOAT16,BFLOAT16,nan,False,DEV_0_DRAM_INTERLEAVED,,,,385024.0
379,0.024865945551189397,,UntilizeWithUnpaddingDeviceOperation,0,10.224,0.624,4,,,,,BF16 => BF16,BFLOAT16,BFLOAT16,nan,False,DEV_0_DRAM_INTERLEAVED,,,,386048.0
380,0.04012751132182168,,PermuteDeviceOperation,0,16.99,0.516,110,,,,,BF16 => BF16,BFLOAT16,BFLOAT16,nan,False,DEV_0_DRAM_INTERLEAVED,,,,387072.0
381,0.008648526231990928,,PermuteDeviceOperation,0,3.099,0.674,4,,,,,BF16 => BF16,BFLOAT16,BFLOAT16,nan,False,DEV_0_DRAM_INTERLEAVED,,,,388096.0
382,0.021315304911551456,,ConcatDeviceOperation,0,8.766,0.533,110,,,,,"BF16, BF16 => BF16",BFLOAT16,BFLOAT16,BFLOAT16,False,DEV_0_DRAM_INTERLEAVED,,,,389120.0
383,0.04102376728702403,,PermuteDeviceOperation,0,17.376,0.521,110,,,,,BF16 => BF16,BFLOAT16,BFLOAT16,nan,False,DEV_0_DRAM_INTERLEAVED,,,,390144.0
384,0.06695559269452823,,TilizeWithValPaddingDeviceOperation,0,28.736,0.474,66,,,,,BF16 => BF16,BFLOAT16,BFLOAT16,nan,False,DEV_0_DRAM_INTERLEAVED,,,,391168.0
385,0.015722300934329653,,FillPadDeviceOperation,0,6.279,0.58,4,,,,,INT32 => INT32,INT32,INT32,nan,False,DEV_0_DRAM_INTERLEAVED,,,,392192.0
386,0.01955946841706297,,FillPadDeviceOperation,0,7.149,1.384,4,,,,,BF16 => BF16,BFLOAT16,BFLOAT16,nan,False,DEV_0_DRAM_INTERLEAVED,,,,393216.0
387,0.015211137046247495,,UnaryDeviceOperation,0,6.181,0.455,110,,,,,INT32 => INT32,INT32,INT32,nan,False,DEV_0_DRAM_INTERLEAVED,,,,394240.0
388,0.015259273555887519,,UnaryDeviceOperation,0,6.076,0.581,110,,,,,INT32 => INT32,INT32,INT32,nan,False,DEV_0_DRAM_INTERLEAVED,,,,395264.0
389,0.015607690197091498,,UnaryDeviceOperation,0,6.228,0.581,110,,,,,INT32 => INT32,INT32,INT32,nan,False,DEV_0_DRAM_INTERLEAVED,,,,396288.0
390,0.0065419808815537,,RepeatCodegenDeviceOperation,0,2.295,0.559,110,,,,,INT32 => INT32,INT32,INT32,nan,False,DEV_0_DRAM_INTERLEAVED,,,,397312.0
391,0.0076055685231237475,,TilizeDeviceOperation,0,2.21,1.108,4,,,,,INT32 => INT32,INT32,INT32,nan,False,DEV_0_DRAM_INTERLEAVED,,,,398336.0
392,0.01539451422582854,,TypecastDeviceOperation,0,6.266,0.45,110,,,,,INT32 => UINT32,UINT32,INT32,nan,False,DEV_0_DRAM_INTERLEAVED,,,,399360.0
393,0.3546812641014186,,GatherDeviceOperation,0,154.132,0.601,65,,,,,"INT32, UINT32 => INT32",INT32,INT32,UINT32,False,DEV_0_DRAM_INTERLEAVED,,,,400384.0
394,0.04596349006198836,,TernaryDeviceOperation,0,19.529,0.523,110,,,,,"INT32, INT32 => INT32",INT32,INT32,INT32,False,DEV_0_DRAM_INTERLEAVED,,,,401408.0
395,0.014725187520357733,,TypecastDeviceOperation,0,5.931,0.493,110,,,,,INT32 => UINT32,UINT32,INT32,nan,False,DEV_0_DRAM_INTERLEAVED,,,,402432.0
396,0.3811288378264944,,ReshapeViewDeviceOperation,0,165.69,0.581,110,,,,,UINT32 => UINT32,UINT32,UINT32,nan,False,DEV_0_DRAM_INTERLEAVED,,,,403456.0
397,0.027900837873255657,,SliceDeviceOperation,0,11.63,0.542,110,,,,,BF16 => BF16,BFLOAT16,BFLOAT16,nan,False,DEV_0_DRAM_INTERLEAVED,,,,404480.0
398,0.22104285226698892,,UntilizeWithUnpaddingDeviceOperation,0,95.879,0.553,109,,,,,UINT32 => UINT32,UINT32,UINT32,nan,False,DEV_0_DRAM_INTERLEAVED,,,,405504.0
399,0.0296154145023384,,UntilizeCodegenDeviceOperation,0,12.341,0.579,110,,,,,BF16 => BF16,BFLOAT16,BFLOAT16,nan,False,DEV_0_DRAM_INTERLEAVED,,,,406528.0
400,2.101199905652441,,EmbeddingsDeviceOperation,0,916.056,0.612,110,,,,,"UINT32, BF16 => BF16",BFLOAT16,UINT32,BFLOAT16,False,DEV_0_DRAM_INTERLEAVED,,,,407552.0
401,0.02745385599802686,,SliceDeviceOperation,0,11.461,0.516,110,,,,,BF16 => BF16,BFLOAT16,BFLOAT16,nan,False,DEV_0_DRAM_INTERLEAVED,,,,408576.0
402,0.22248923977093443,,UntilizeWithUnpaddingDeviceOperation,0,96.494,0.569,109,,,,,UINT32 => UINT32,UINT32,UINT32,nan,False,DEV_0_DRAM_INTERLEAVED,,,,409600.0
403,0.029592492354890775,,UntilizeCodegenDeviceOperation,0,12.343,0.567,110,,,,,BF16 => BF16,BFLOAT16,BFLOAT16,nan,False,DEV_0_DRAM_INTERLEAVED,,,,410624.0
404,2.1052800478981193,,EmbeddingsDeviceOperation,0,917.844,0.604,110,,,,,"UINT32, BF16 => BF16",BFLOAT16,UINT32,BFLOAT16,False,DEV_0_DRAM_INTERLEAVED,,,,411648.0
405,3.277525545014169,,ConcatDeviceOperation,0,1429.347,0.504,110,,,,,"BF16, BF16 => BF16",BFLOAT16,BFLOAT16,BFLOAT16,False,DEV_0_DRAM_INTERLEAVED,,,,412672.0
406,0.02824696229971487,,SliceDeviceOperation,0,11.74,0.583,110,,,,,BF16 => BF16,BFLOAT16,BFLOAT16,nan,False,DEV_0_DRAM_INTERLEAVED,,,,413696.0
407,0.22633557611264676,,UntilizeWithUnpaddingDeviceOperation,0,98.177,0.564,109,,,,,UINT32 => UINT32,UINT32,UINT32,nan,False,DEV_0_DRAM_INTERLEAVED,,,,414720.0
408,0.029131757191193403,,UntilizeCodegenDeviceOperation,0,12.145,0.564,110,,,,,BF16 => BF16,BFLOAT16,BFLOAT16,nan,False,DEV_0_DRAM_INTERLEAVED,,,,415744.0
409,2.0915450971474994,,EmbeddingsDeviceOperation,0,911.861,0.595,110,,,,,"UINT32, BF16 => BF16",BFLOAT16,UINT32,BFLOAT16,False,DEV_0_DRAM_INTERLEAVED,,,,416768.0
410,0.027786227136017503,,SliceDeviceOperation,0,11.603,0.519,110,,,,,BF16 => BF16,BFLOAT16,BFLOAT16,nan,False,DEV_0_DRAM_INTERLEAVED,,,,417792.0
411,0.22374995788055407,,UntilizeWithUnpaddingDeviceOperation,0,97.021,0.592,109,,,,,UINT32 => UINT32,UINT32,UINT32,nan,False,DEV_0_DRAM_INTERLEAVED,,,,418816.0
412,0.028716866322391295,,UntilizeCodegenDeviceOperation,0,11.958,0.57,110,,,,,BF16 => BF16,BFLOAT16,BFLOAT16,nan,False,DEV_0_DRAM_INTERLEAVED,,,,419840.0
413,2.088888420258319,,EmbeddingsDeviceOperation,0,910.701,0.596,110,,,,,"UINT32, BF16 => BF16",BFLOAT16,UINT32,BFLOAT16,False,DEV_0_DRAM_INTERLEAVED,,,,420864.0
414,3.2738396637045906,,ConcatDeviceOperation,0,1427.736,0.507,110,,,,,"BF16, BF16 => BF16",BFLOAT16,BFLOAT16,BFLOAT16,False,DEV_0_DRAM_INTERLEAVED,,,,421888.0
415,0.08034671123343387,,TransposeDeviceOperation,0,34.473,0.579,110,,,,,BF16 => BF16,BFLOAT16,BFLOAT16,nan,False,DEV_0_DRAM_INTERLEAVED,,,,422912.0
416,0.7303294164731846,,ReshapeViewDeviceOperation,0,318.044,0.569,110,,,,,BF16 => BF16,BFLOAT16,BFLOAT16,nan,False,DEV_0_DRAM_INTERLEAVED,,,,423936.0
417,0.008999235087939674,,UnaryDeviceOperation,0,3.45,0.476,110,,,,,BF16 => BF16,BFLOAT16,BFLOAT16,nan,False,DEV_0_DRAM_INTERLEAVED,,,,424960.0
418,0.16488129880554986,,TransposeDeviceOperation,0,71.409,0.522,110,,,,,BF16 => BF16,BFLOAT16,BFLOAT16,nan,False,DEV_0_DRAM_INTERLEAVED,,,,425984.0
419,0.22052022730518292,,BinaryNgDeviceOperation,0,95.621,0.583,110,,,,,BF16 => BF16,BFLOAT16,BFLOAT16,nan,False,DEV_0_DRAM_INTERLEAVED,,,,427008.0
420,39.7898795509918,,SDPAOperation,0,17351.748,6.957,110,,,,,"BF16, BF16 => BF16",BFLOAT16,BFLOAT16,BFLOAT16,False,DEV_0_DRAM_INTERLEAVED,,,,428032.0
421,0.3890507319843955,,ReshapeViewDeviceOperation,0,169.212,0.515,110,,,,,BF16 => BF16,BFLOAT16,BFLOAT16,nan,False,DEV_0_DRAM_INTERLEAVED,,,,429056.0
422,0.32916891399220605,,ReshapeViewDeviceOperation,0,143.127,0.476,110,,,,,BF16 => BF16,BFLOAT16,BFLOAT16,nan,False,DEV_0_DRAM_INTERLEAVED,,,,430080.0
423,0.03454596841832369,,BinaryNgDeviceOperation,0,14.617,0.454,110,,,,,"BF16, BF16 => BF16",BFLOAT16,BFLOAT16,BFLOAT16,False,DEV_0_DRAM_INTERLEAVED,,,,431104.0
424,0.3568772058269016,SLOW,MatmulDeviceOperation 128 x 6144 x 2560,0,155.231,0.46,80.0,217.00242863860956,42.38328684347843,25.93896734544002,23.454650739149326,HiFi4 BF16 x BF16 => BF16,BFLOAT16,BFLOAT16,BFLOAT16,False,DEV_0_DRAM_INTERLEAVED,2,4,1,432128.0
425,0.3013024593401218,,ReshapeViewDeviceOperation,0,130.922,0.524,110,,,,,BF16 => BF16,BFLOAT16,BFLOAT16,nan,False,DEV_0_DRAM_INTERLEAVED,,,,433152.0
426,0.011795737076550574,,ReshapeViewDeviceOperation,0,4.59,0.556,110,,,,,BF16 => BF16,BFLOAT16,BFLOAT16,nan,False,DEV_0_DRAM_INTERLEAVED,,,,434176.0
427,0.31294461802877327,,BinaryNgDeviceOperation,0,136.018,0.507,110,,,,,"BF16, BF16 => BF16",BFLOAT16,BFLOAT16,BFLOAT16,False,DEV_0_DRAM_INTERLEAVED,,,,435200.0
428,0.9891777665255502,,ReshapeViewDeviceOperation,0,430.974,0.564,110,,,,,BF16 => BF16,BFLOAT16,BFLOAT16,nan,False,DEV_0_DRAM_INTERLEAVED,,,,436224.0
429,0.05223957403314955,,TernaryDeviceOperation,0,22.253,0.537,110,,,,,"BF16, BF16 => BF16",BFLOAT16,BFLOAT16,BFLOAT16,False,DEV_0_DRAM_INTERLEAVED,,,,437248.0
430,0.1835468034721552,,ReshapeViewDeviceOperation,0,79.609,0.465,110,,,,,BF16 => BF16,BFLOAT16,BFLOAT16,nan,False,DEV_0_DRAM_INTERLEAVED,,,,438272.0
431,0.061335082140369285,,LayerNormDeviceOperation,0,26.219,0.539,16,,,,,BF16 => BF16,BFLOAT16,BFLOAT16,nan,False,DEV_0_DRAM_INTERLEAVED,,,,439296.0
432,0.010835299098494861,,ReshapeViewDeviceOperation,0,4.172,0.555,80,,,,,BF16 => BF16,BFLOAT16,BFLOAT16,nan,False,DEV_0_DRAM_INTERLEAVED,,,,440320.0
433,0.008194667712527847,,UntilizeWithUnpaddingDeviceOperation,0,3.03,0.545,80,,,,,BF16 => BF16,BFLOAT16,BFLOAT16,nan,False,DEV_0_DRAM_INTERLEAVED,,,,441344.0
434,0.0829071151033342,,RepeatDeviceOperation,0,35.63,0.539,110,,,,,BF16 => BF16,BFLOAT16,BFLOAT16,nan,False,DEV_0_DRAM_INTERLEAVED,,,,442368.0
435,0.1255560626443952,,TilizeDeviceOperation,0,54.224,0.551,80,,,,,BF16 => BF16,BFLOAT16,BFLOAT16,nan,False,DEV_0_DRAM_INTERLEAVED,,,,443392.0
436,0.05377765012688554,,BinaryNgDeviceOperation,0,22.939,0.522,110,,,,,"BF16, BF16 => BF16",BFLOAT16,BFLOAT16,BFLOAT16,False,DEV_0_DRAM_INTERLEAVED,,,,444416.0
437,0.18412214937309068,,ReshapeViewDeviceOperation,0,79.865,0.46,110,,,,,BF16 => BF16,BFLOAT16,BFLOAT16,nan,False,DEV_0_DRAM_INTERLEAVED,,,,445440.0
438,0.5023274002410952,SLOW,MatmulDeviceOperation 128 x 10240 x 352,0,218.681,0.464,44.0,45.36522148700619,8.860394821680897,4.219602434596513,6.93721465073343,HiFi4 BF16 x BF16 => BF16,BFLOAT16,BFLOAT16,BFLOAT16,False,DEV_0_DRAM_INTERLEAVED,1,1,1,446464.0
439,0.0053110615636159505,,SliceDeviceOperation,0,1.707,0.61,40,,,,,BF16 => BF16,BFLOAT16,BFLOAT16,nan,False,DEV_0_DRAM_INTERLEAVED,,,,447488.0
440,0.004754053380638533,,SliceDeviceOperation,0,1.369,0.705,4,,,,,BF16 => BF16,BFLOAT16,BFLOAT16,nan,False,DEV_0_DRAM_INTERLEAVED,,,,448512.0
441,0.00775914691102287,,UnaryDeviceOperation,0,2.868,0.517,110,,,,,BF16 => BF16,BFLOAT16,BFLOAT16,nan,False,DEV_0_DRAM_INTERLEAVED,,,,449536.0
442,0.0791868505725838,SLOW,MatmulDeviceOperation 128 x 320 x 10240,0,34.026,0.52,107.0,272.0554869805443,53.13583730088756,24.653523775936048,16.667155979534474,HiFi4 BF16 x BF16 => BF16,BFLOAT16,BFLOAT16,BFLOAT16,False,DEV_0_DRAM_INTERLEAVED,2,4,1,450560.0
443,0.6943233072624468,,ReshapeViewDeviceOperation,0,302.356,0.549,110,,,,,BF16 => BF16,BFLOAT16,BFLOAT16,nan,False,DEV_0_DRAM_INTERLEAVED,,,,451584.0
444,0.6924597366749546,,ReshapeViewDeviceOperation,0,301.646,0.446,110,,,,,BF16 => BF16,BFLOAT16,BFLOAT16,nan,False,DEV_0_DRAM_INTERLEAVED,,,,452608.0
445,0.36871649498360265,,BinaryNgDeviceOperation,0,160.399,0.457,110,,,,,"BF16, BF16 => BF16",BFLOAT16,BFLOAT16,BFLOAT16,False,DEV_0_DRAM_INTERLEAVED,,,,453632.0
446,0.2614614748613955,,FillPadDeviceOperation,0,113.47,0.595,110,,,,,BF16 => BF16,BFLOAT16,BFLOAT16,nan,False,DEV_0_DRAM_INTERLEAVED,,,,454656.0
447,0.2493700420827705,,ReduceDeviceOperation,0,108.214,0.576,110,,,,,BF16 => BF16,BFLOAT16,BFLOAT16,nan,False,DEV_0_DRAM_INTERLEAVED,,,,455680.0
448,0.1439877614070348,,ReshapeViewDeviceOperation,0,62.243,0.573,110,,,,,BF16 => BF16,BFLOAT16,BFLOAT16,nan,False,DEV_0_DRAM_INTERLEAVED,,,,456704.0
449,0.13946292950087252,SLOW,MatmulDeviceOperation 128 x 2560 x 1824,0,60.272,0.57,57.0,173.56623307671887,33.89965489779666,19.8330342447571,25.169847309480968,HiFi4 BF16 x BF16 => BF16,BFLOAT16,BFLOAT16,BFLOAT16,False,DEV_0_DRAM_INTERLEAVED,2,4,1,457728.0
450,0.005278970557189268,,SliceDeviceOperation,0,1.719,0.584,64,,,,,BF16 => BF16,BFLOAT16,BFLOAT16,nan,False,DEV_0_DRAM_INTERLEAVED,,,,458752.0
451,0.005191866396888273,,SliceDeviceOperation,0,1.712,0.553,80,,,,,BF16 => BF16,BFLOAT16,BFLOAT16,nan,False,DEV_0_DRAM_INTERLEAVED,,,,459776.0
452,0.005366074717490264,,SliceDeviceOperation,0,1.726,0.615,80,,,,,BF16 => BF16,BFLOAT16,BFLOAT16,nan,False,DEV_0_DRAM_INTERLEAVED,,,,460800.0
453,0.004346039156070713,,SliceDeviceOperation,0,1.207,0.689,4,,,,,BF16 => BF16,BFLOAT16,BFLOAT16,nan,False,DEV_0_DRAM_INTERLEAVED,,,,461824.0
454,0.00602852477872678,,UnaryDeviceOperation,0,2.15,0.48,110,,,,,BF16 => BF16,BFLOAT16,BFLOAT16,nan,False,DEV_0_DRAM_INTERLEAVED,,,,462848.0
455,0.17640655454221835,,TopKDeviceOperation,0,76.408,0.551,4,,,,,BF16 => BF16,BFLOAT16,BFLOAT16,nan,False,DEV_0_DRAM_INTERLEAVED,,,,463872.0
456,0.005267509483465453,,SliceDeviceOperation,0,1.689,0.609,4,,,,,BF16 => BF16,BFLOAT16,BFLOAT16,nan,False,DEV_0_DRAM_INTERLEAVED,,,,464896.0
457,0.005450886663046496,,SliceDeviceOperation,0,1.682,0.696,4,,,,,UINT16 => UINT16,UINT16,UINT16,nan,False,DEV_0_DRAM_INTERLEAVED,,,,465920.0
458,0.015949230194061192,,SoftmaxDeviceOperation,0,6.362,0.596,4,,,,,BF16 => BF16,BFLOAT16,BFLOAT16,nan,False,DEV_0_DRAM_INTERLEAVED,,,,466944.0
459,0.008662279520459507,,UntilizeCodegenDeviceOperation,0,3.265,0.514,64,,,,,BF16 => BF16,BFLOAT16,BFLOAT16,nan,False,DEV_0_DRAM_INTERLEAVED,,,,467968.0
460,0.025154764609029538,,UntilizeWithUnpaddingDeviceOperation,0,10.352,0.622,4,,,,,UINT16 => UINT16,UINT16,UINT16,nan,False,DEV_0_DRAM_INTERLEAVED,,,,468992.0
461,0.025189147830200983,,UntilizeWithUnpaddingDeviceOperation,0,10.376,0.613,4,,,,,BF16 => BF16,BFLOAT16,BFLOAT16,nan,False,DEV_0_DRAM_INTERLEAVED,,,,470016.0
462,0.030220559194955848,,ScatterDeviceOperation,0,12.66,0.524,110,,,,,"BF16, UINT16 => BF16",BFLOAT16,BFLOAT16,UINT16,False,DEV_0_DRAM_INTERLEAVED,,,,471040.0
463,0.011655911977120029,,TilizeDeviceOperation,0,4.378,0.707,4,,,,,BF16 => BF16,BFLOAT16,BFLOAT16,nan,False,DEV_0_DRAM_INTERLEAVED,,,,472064.0
464,0.0061133367242830125,,ReduceDeviceOperation,0,2.127,0.54,64,,,,,BF16 => BF16,BFLOAT16,BFLOAT16,nan,False,DEV_0_DRAM_INTERLEAVED,,,,473088.0
465,0.010541895611165196,,ReshapeViewDeviceOperation,0,3.93,0.669,16,,,,,BF16 => BF16,BFLOAT16,BFLOAT16,nan,False,DEV_0_DRAM_INTERLEAVED,,,,474112.0
466,0.02265395832249307,,UntilizeWithUnpaddingDeviceOperation,0,8.413,1.47,1,,,,,BF16 => BF16,BFLOAT16,BFLOAT16,nan,False,DEV_0_DRAM_INTERLEAVED,,,,475136.0
467,2.000697750168306,,UnaryDeviceOperation,0,872.31,0.513,110,,,,,BF16 => BF16,BFLOAT16,BFLOAT16,nan,False,DEV_0_DRAM_INTERLEAVED,,,,476160.0
468,5.7328199077933695,,SparseMatmulDeviceOperation active=?/2048 x 32 x 2560 x 1280,0,2500.411,0.585,40.0,,,,,HiFi4 BF16 x BF16 => BF16,BFLOAT16,BFLOAT16,BFLOAT16,False,DEV_0_DRAM_INTERLEAVED,8,1,1,477184.0
469,0.9243035048192669,,SliceDeviceOperation,0,402.697,0.539,110,,,,,BF16 => BF16,BFLOAT16,BFLOAT16,nan,False,DEV_0_DRAM_INTERLEAVED,,,,478208.0
470,0.9545676160943731,,SliceDeviceOperation,0,415.871,0.568,110,,,,,BF16 => BF16,BFLOAT16,BFLOAT16,nan,False,DEV_0_DRAM_INTERLEAVED,,,,479232.0
471,1.5008482340662996,,BinaryNgDeviceOperation,0,654.19,0.569,110,,,,,"BF16, BF16 => BF16",BFLOAT16,BFLOAT16,BFLOAT16,False,DEV_0_DRAM_INTERLEAVED,,,,480256.0
472,0.15240018952031512,,PermuteDeviceOperation,0,65.956,0.53,110,,,,,BF16 => BF16,BFLOAT16,BFLOAT16,nan,False,DEV_0_DRAM_INTERLEAVED,,,,481280.0
473,1.0827505568362668,,BinaryNgDeviceOperation,0,471.864,0.496,110,,,,,"BF16, BF16 => BF16",BFLOAT16,BFLOAT16,BFLOAT16,False,DEV_0_DRAM_INTERLEAVED,,,,482304.0
474,3.9871998144222944,,UnaryDeviceOperation,0,1738.874,0.579,110,,,,,BF16 => BF16,BFLOAT16,BFLOAT16,nan,False,DEV_0_DRAM_INTERLEAVED,,,,483328.0
475,4.599500801472885,,SparseMatmulDeviceOperation active=?/2048 x 32 x 640 x 2560,0,2005.971,0.604,40.0,,,,,HiFi4 BF16 x BF16 => BF16,BFLOAT16,BFLOAT16,BFLOAT16,False,DEV_0_DRAM_INTERLEAVED,5,1,1,484352.0
476,2.0223545950768274,,FastReduceNCDeviceOperation,0,881.734,0.537,110,,,,,BF16 => BF16,BFLOAT16,BFLOAT16,nan,False,DEV_0_DRAM_INTERLEAVED,,,,485376.0
477,0.010564817758612824,,BinaryNgDeviceOperation,0,4.083,0.526,110,,,,,"BF16, BF16 => BF16",BFLOAT16,BFLOAT16,BFLOAT16,False,DEV_0_DRAM_INTERLEAVED,,,,486400.0
478,0.011710925130994341,,BinaryNgDeviceOperation,0,4.576,0.533,110,,,,,"BF16, BF16 => BF16",BFLOAT16,BFLOAT16,BFLOAT16,False,DEV_0_DRAM_INTERLEAVED,,,,487424.0
479,0.04939264332015387,SLOW,MatmulDeviceOperation 128 x 640 x 2560,0,21.004,0.544,80.0,195.01047419539137,38.087983241287375,19.969072557608076,18.05652538846216,HiFi4 BF16 x BF16 => BF16,BFLOAT16,BFLOAT16,BFLOAT16,False,DEV_0_DRAM_INTERLEAVED,2,4,1,488448.0
480,0.013849561487858252,,BinaryNgDeviceOperation,0,5.515,0.527,110,,,,,"BF16, BF16 => BF16",BFLOAT16,BFLOAT16,BFLOAT16,False,DEV_0_DRAM_INTERLEAVED,,,,489472.0
481,0.30213682550721555,,ReshapeViewDeviceOperation,0,131.279,0.531,110,,,,,BF16 => BF16,BFLOAT16,BFLOAT16,nan,False,DEV_0_DRAM_INTERLEAVED,,,,490496.0
482,0.01095449426522254,,ReshapeViewDeviceOperation,0,4.296,0.483,110,,,,,BF16 => BF16,BFLOAT16,BFLOAT16,nan,False,DEV_0_DRAM_INTERLEAVED,,,,491520.0
483,0.3050433538035751,,BinaryNgDeviceOperation,0,132.604,0.474,110,,,,,"BF16, BF16 => BF16",BFLOAT16,BFLOAT16,BFLOAT16,False,DEV_0_DRAM_INTERLEAVED,,,,492544.0
484,0.9832592680545722,,ReshapeViewDeviceOperation,0,428.363,0.593,110,,,,,BF16 => BF16,BFLOAT16,BFLOAT16,nan,False,DEV_0_DRAM_INTERLEAVED,,,,493568.0
485,0.05194158611633036,,TernaryDeviceOperation,0,22.188,0.472,110,,,,,"BF16, BF16 => BF16",BFLOAT16,BFLOAT16,BFLOAT16,False,DEV_0_DRAM_INTERLEAVED,,,,494592.0
